author,n_artigos_pub,affiliation,city,country
Bibri S.E.,17,Norges Teknisk-Naturvitenskapelige Universitet,Trondheim,Norway
Li X.,6,Universiti Putra Malaysia,Serdang,Malaysia
Li S.,6,Sun Yat-Sen University,Guangzhou,China
Zhang Y.,6,Research Center for Eco-Environmental Sciences Chinese Academy of Sciences,Beijing,China
Wu J.,5,"College of Agriculture &amp; Biotechnology, Zhejiang University",Hangzhou,China
Yang Y.,5,University of Leeds,Leeds,United Kingdom
Long Y.,4,Tsinghua University,Beijing,China
de Vries W.T.,4,Technische Universität München,Munich,Germany
Yang W.,4,Chongqing University,Chongqing,China
Liu Y.,4,Liaocheng University,Liaocheng,China
Song Y.,4,Texas A&amp;M University,College Station,United States
He Q.,3,Huazhong University of Science and Technology,Wuhan,China
Wang Y.,3,"Key Laboratory of Geographic Information Science, Ministry of Education",Shanghai,China
Ye Y.,3,Beijing Forestry University,Beijing,China
Gao F.,3,Guangzhou Collaborative Innovation Center of Natural Resources Planning and Marine Technology,Guangzhou,China
Sun H.,3,Suzhou University of Science and Technology,Suzhou,China
Kourtit K.,3,Mohammed VI Polytechnic University,Ben Guerir,Morocco
Zhang W.,3,Nanjing University,Nanjing,China
Li J.,3,UNSW Sydney,Sydney,Australia
Batty M.,3,University College London,London,United Kingdom
Angel A.,3,Technion - Israel Institute of Technology,Haifa,Israel
Liu X.,3,Beijing Jiaotong University,Beijing,China
Liu S.,3,Nanjing Normal University,Nanjing,China
Zhang X.,3,Planning Research Center of Xiongan New Area,Hebei,China
Yao Y.,3,China University of Geosciences,Wuhan,China
Zhang Z.,3,Xi'an Shiyou University,Xi'an,China
Wang J.,3,National University of Singapore,Singapore City,Singapore
Kontokosta C.E.,3,New York University,New York,United States
Wey W.M.,2,National Taipei University,Taipei,Taiwan
Lv Y.,2,Shandong Jianzhu University,Jinan,China
Wei S.,2,Northwest Normal University China,Lanzhou,China
Zhang S.,2,Xinjiang Institute of Ecology and Geography Chinese Academy of Sciences,Urumqi,China
Liu D.,2,Chinese University of Hong Kong,Hong Kong,Hong Kong
Yigitcanlar T.,2,Queensland University of Technology,Brisbane,Australia
Zeng L.,2,Panzhihua University,Panzhihua,China
Thakuriah P.(.,2,University of Glasgow,Glasgow,United Kingdom
Charitonidou M.,2,Leeds Beckett University,Leeds,United Kingdom
Guo D.,2,Renmin University of China,Beijing,China
Li C.,2,Peking University,Beijing,China
Li W.,2,Research Center for Eco-Environmental Sciences Chinese Academy of Sciences,Beijing,China
Wu W.,2,East China Institute of Technology,Fuzhou,China
Ren M.,2,Ministry of Natural Resources of the People's Republic of China,Beijing,China
Hao J.,2,University of Jinan,Jinan,China
Chen Z.,2,Huazhong University of Science and Technology,Wuhan,China
Zhao P.,2,Peking University,Beijing,China
Liu Q.,2,Central South University,Changsha,China
Duan J.,2,University College London,London,United Kingdom
Hu Q.,2,Renmin University of China,Beijing,China
Li L.,2,Central University of Finance and Economics,Beijing,China
Xu J.,2,Hefei University of Technology,Hefei,China
Wang Z.,2,Shenyang Jianzhu University,Shenyang,China
Fang L.,2,Florida State University,Tallahassee,United States
Serok N.,2,Tel Aviv University,Tel Aviv-Yafo,Israel
Liu K.,2,Fuzhou University,Fuzhou,China
Zhang P.,2,Chang'an University,Xi'an,China
Li Y.,2,College of Social Sciences,Glasgow,United Kingdom
Zhu Y.,2,Beijing Union University,Beijing,China
Zhao X.,2,South China University of Technology,Guangzhou,China
Geertman S.,2,Universiteit Utrecht,Utrecht,Netherlands
Li Z.,2,Tongji University,Shanghai,China
Goel R.K.,2,Noida Institute of Engineering &amp; Technology,Greater Noida,India
Gao L.,2,Hunan University,Changsha,China
Fang C.,2,"Institute of Geographic Sciences and Natural Resources Research, Chinese Academy of Sciences",Beijing,China
Taylor L.,2,"Tilburg Institute for Law, Technology, and Society",Tilburg,Netherlands
Xue B.,2,"Institute of Applied Ecology, Chinese Academy of Sciences",Shenyang,China
Allam Z.,2,Université Paris 1 Panthéon-Sorbonne,Paris,France
Wang S.,2,"Institute of Geographic Sciences and Natural Resources Research, Chinese Academy of Sciences",Beijing,China
Lin A.,2,Central China Normal University,Wuhan,China
Sun Y.,2,Peking University,Beijing,China
Liu H.,2,"Institute of Geographic Sciences and Natural Resources Research, Chinese Academy of Sciences",Beijing,China
Huang B.,2,Chinese University of Hong Kong,Hong Kong,Hong Kong
Chen M.,2,University College London,London,United Kingdom
Huang J.,2,"Institute of Geographic Sciences and Natural Resources Research, Chinese Academy of Sciences",Beijing,China
Gong Z.,2,Peking University,Beijing,China
Sanchez-Sepulveda M.V.,2,Universitat Ramon Llull,Barcelona,Spain
Guo Y.,2,Central South University,Changsha,China
Wang W.,2,Changsha University of Science and Technology,Changsha,China
Wang C.,2,Beijing Forestry University,Beijing,China
Ma L.,2,Nanjing University,Nanjing,China
Kim K.,2,University College London,London,United Kingdom
Yang Z.,2,Weifang University,Weifang,China
Yu W.,2,Nanjing Forestry University,Nanjing,China
Li B.S.,2,Guilin University of Technology,Guilin,China
Xiao Y.,2,"Hunan University of Humanities, Science and Technology",Loudi,China
Sharifi A.,2,Hiroshima University,Higashihiroshima,Japan
Zhou J.,2,Jiangxi Normal University,Nanchang,China
Chen Y.,2,Zhejiang Guangsha College of Applied Construction Technology,Jinhua,China
Valença G.,2,CERIS – Civil Engineering Research and Innovation for Sustainability,Lisbon,Portugal
Zhou L.,2,Nanjing University of Post and TeleCommunications,Nanjing,China
Magnussen R.,2,Aalborg University,Aalborg,Denmark
Liu C.,2,Northwest Normal University China,Lanzhou,China
Hong A.,2,University of Oxford,Oxford,United Kingdom
Ding L.,2,Zhejiang University of Technology,Hangzhou,China
Wei L.,2,"Institutionen för Naturgeografi och Ekosystemvetenskap, Lunds Universitet",Lund,Sweden
Wu H.,2,Nanjing Forestry University,Nanjing,China
Du F.,1,University of Electronic Science and Technology of China,Chengdu,China
Wang G.,1,Xinjiang Normal University,Urumqi,China
Su Z.,1,Tsinghua University,Beijing,China
Zhang G.,1,College of Civil Engineering and Architecture Zhejiang University,Hangzhou,China
Feng X.,1,"School of Public Affairs, Zhejiang University",Hangzhou,China
Shtaierman S.,1,Technische Universität München,Munich,Germany
Yue H.,1,Sichuan Normal University,Chengdu,China
Jafary P.,1,University of Melbourne,Melbourne,Australia
Peng C.,1,Huazhong Agricultural University,Wuhan,China
Wu M.,1,Southwest University of Science and Technology,Mianyang,China
Kumar D.,1,State University of New York Albany,Albany,United States
Yuan L.,1,The University of Tokyo,Tokyo,Japan
Girotti C.,1,Instituto de Geografia e Ordenamento do Território da Universidade de Lisboa,Lisbon,Portugal
Rong P.,1,Henan University of Economics and Law,Zhengzhou,China
Dyer G.M.C.,1,Instituto de Salud Global de Barcelona,Barcelona,Spain
Joshi S.,1,"MaREI, the SFI Research Centre for Energy, Climate and Marine",Cork,Ireland
Fan C.,1,College of Engineering,College Station,United States
Lnenicka M.,1,Univerzita Hradec Králové,Hradec Kralove,Czech Republic
Mou L.,1,Chongqing University,Chongqing,China
Wattanaprapa N.,1,Suan Sunandha Rajabhat University,Bangkok,Thailand
Yao L.,1,South China University of Technology,Guangzhou,China
Sun J.Y.,1,Sinopec,Beijing,China
Zheng W.,1,The University of Manchester,Manchester,United Kingdom
Seyedkazemi S.,1,Sabancı Üniversitesi,Tuzla,Turkey
Du P.,1,China Communications Construction Company Limited,Beijing,China
Zhou C.,1,Southeast University,Nanjing,China
Wei H.,1,Tsinghua University,Beijing,China
Kasprzyk J.P.,1,Université de Liège,Liege,Belgium
Yang F.F.,1,Sun Yat-Sen University,Guangzhou,China
Hubbard P.,1,King's College London,London,United Kingdom
Chen W.,1,Guangzhou Collaborative Innovation Center of Natural Resources Planning and Marine Technology,Guangzhou,China
Yi S.,1,Huaqiao University,Quanzhou,China
Su L.,1,University of Electronic Science and Technology of China,Chengdu,China
Mortaheb R.,1,"University of California, Santa Barbara",Santa Barbara,United States
Yuan S.,1,Southeast University,Nanjing,China
He L.,1,Xi'an Jiaotong University,Xi'an,China
Iungman T.,1,Instituto de Salud Global de Barcelona,Barcelona,Spain
Yi C.,1,Hanbat National University,Daejeon,South Korea
Gavanas N.,1,University of Thessaly,Volos,Greece
Jiang T.,1,Nanjing University of Post and TeleCommunications,Nanjing,China
Cong Y.,1,Shibaura Institute of Technology,Tokyo,Japan
Yu C.,1,Zhejiang Lab,Hangzhou,China
Zhang H.,1,Shandong Jianzhu University,Jinan,China
Liang K.,1,Anhui University,Hefei,China
Ping Y.,1,Shanghai Ocean University,Shanghai,China
Fu X.,1,The University of Waikato,Hamilton,New Zealand
Shuang M.,1,College of Civil Engineering and Architecture Zhejiang University,Hangzhou,China
Ausejo Sánchez J.L.,1,Universidad Nacional José Faustino Sánchez Carrión,Huacho,Peru
Li H.,1,Shandong University of Finance and Economics,Jinan,China
Franklin R.,1,The Alan Turing Institute,London,United Kingdom
Kolesnikova D.A.,1,Herzen State Pedagogical University of Russia,Saint Petersburg,Russian Federation
Gürsoy S.,1,Beykoz University,Istanbul,Turkey
Yang L.,1,Guilin University of Technology,Guilin,China
Gowda S.,1,"Central Road Research Institute, New Delhi",New Delhi,India
Ge R.,1,Hefei University of Technology,Hefei,China
Wang T.,1,Ningbo University,Ningbo,China
Wei X.,1,Shandong University of Finance and Economics,Jinan,China
Sigalov-Klein M.,1,Bar-Ilan University,Ramat Gan,Israel
Hu H.,1,Chinese University of Hong Kong,Hong Kong,Hong Kong
Halder S.,1,Faculty,Malda,India
Hashem I.A.T.,1,University of Sharjah,Sharjah,United Arab Emirates
Tepe E.,1,University of Florida,Gainesville,United States
Hardyns W.,1,Universiteit Gent,Ghent,Belgium
Froy F.,1,University of Oxford,Oxford,United Kingdom
Caldera C.,1,Politecnico di Torino,Turin,Italy
Su P.H.,1,Xi'an International University,Xi'an,China
Bertini F.,1,Università di Parma,Parma,Italy
Lee N.,1,University of Wisconsin-Milwaukee,Milwaukee,United States
De Falco C.C.,1,Università degli Studi di Napoli Federico II,Naples,Italy
Wibowo A.,1,Hasanuddin University,Makassar,Indonesia
Qu S.,1,Ministry of Natural Resources of the People's Republic of China,Beijing,China
Zied Abozied E.,1,Newcastle University,Newcastle,United Kingdom
Xu Z.,1,Nanjing Forestry University,Nanjing,China
Matei A.,1,Școala Naţională de Studii Politice și Administrative,Bucharest,Romania
Liu L.,1,Shandong University of Science and Technology,Qingdao,China
Ali M.,1,National University of Sciences and Technology,Islamabad,Pakistan
Zhou W.,1,Nanjing University of Information Science &amp; Technology,Nanjing,China
Luo M.,1,Sun Yat-Sen University,Guangzhou,China
Tiwari R.,1,Curtin University,Perth,Australia
Costa D.G.,1,Universidade do Porto,Porto,Portugal
Beconytė G.,1,Vilniaus Universitetas,Vilnius,Lithuania
Tsai W.H.,1,Academia Sinica Taiwan,Nankang,Taiwan
Song J.,1,Harbin Institute of Technology,Harbin,China
Cigna F.,1,Consiglio Nazionale delle Ricerche,Rome,Italy
Fan W.,1,Shandong Jianzhu University,Jinan,China
St-Hilaire C.,1,University of Waterloo,Waterloo,Canada
Sheng A.,1,"Institute of Geographic Sciences and Natural Resources Research, Chinese Academy of Sciences",Beijing,China
Kim S.,1,Manager,"Seosomun-ro, Jung-gu",South Korea
Guan X.,1,Wuhan University,Wuhan,China
Neto-Bradley A.P.,1,Department of Engineering,Cambridge,United Kingdom
Liao J.,1,Hanyang University ERICA Campus,Ansan,South Korea
Payne W.B.,1,Rutgers University,Scotch Plains,United States
Vats S.,1,Graphic Era Hill University,Dehradun,India
Shafik W.,1,Universiti Brunei Darussalam,Bandar Seri Begawan,Brunei Darussalam
Hermanus D.R.,1,Bina Nusantara University,Jakarta,Indonesia
Zheng C.,1,Fudan University,Shanghai,China
Mengistie B.M.,1,Kotebe University of Education,Addis Ababa,Ethiopia
Ghosh J.,1,"The West Bengal National University of Juridical Sciences, Kolkata",Kolkata,India
Santiago-Iglesias E.,1,Universidad Complutense de Madrid,Madrid,Spain
Caratù M.,1,Universita degli Studi Internazionali di Roma,Rome,Italy
Haynes I.P.,1,Faculty of Humanities and Social Sciences,Newcastle,United Kingdom
Wen X.,1,Chongqing University,Chongqing,China
Peng B.,1,Shanghai Jiao Tong University,Shanghai,China
Wei B.,1,"Institute of Geology, China Earthquake Administration",Beijing,China
Tian S.,1,"Institute of Geographic Sciences and Natural Resources Research, Chinese Academy of Sciences",Beijing,China
Cui X.,1,Guangzhou University,Guangzhou,China
Lyu H.M.,1,The Hong Kong Polytechnic University,Hong Kong,Hong Kong
Zhang M.,1,Peking University,Beijing,China
Son T.H.,1,Queensland University of Technology,Brisbane,Australia
Xu S.X.,1,Tianjin University,Tianjin,China
Xiao L.,1,Xiamen University,Xiamen,China
Wang D.,1,Henan Agricultural University,Zhengzhou,China
Zhang B.,1,Nanjing Forestry University,Nanjing,China
Simons G.,1,The Bartlett Faculty of the Built Environment,London,United Kingdom
He X.,1,Chinese University of Hong Kong,Hong Kong,Hong Kong
Rosário A.T.,1,Universidade Europeia,Lisbon,Portugal
Huang D.,1,Beijing Normal University,Beijing,China
Obringer R.,1,National Socio-Environmental Synthesis Center (SESYNC),College Park,United States
Barresi A.,1,Università degli Studi di Reggio Calabria,Reggio Calabria,Italy
Zhang C.,1,University of Chinese Academy of Sciences,Beijing,China
Bessala S.B.E.,1,University of Douala,Douala,Cameroon
Yue J.,1,Beijing Normal University,Beijing,China
Friedman A.,1,Université McGill,Montreal,Canada
Shehayeb D.,1,Nile University,6th October,Egypt
Ardakani S.P.,1,University of Lincoln,Lincoln,United Kingdom
Mohanty A.,1,Central University of South Bihar,Gaya,India
Moraga P.,1,King Abdullah University of Science and Technology,Thuwal,Saudi Arabia
Khalid S.,1,Government College University Faisalabad,Faisalabad,Pakistan
Pena T.J.B.,1,Universidade de São Paulo,Sao Paulo,Brazil
Redondo E.,1,Universitat Politècnica de Catalunya,Barcelona,Spain
Hu J.T.,1,Key Laboratory of Road and Traffic Engineering of the State Ministry of Education,Shanghai,China
Rajalakshmi N.R.,1,Vel Tech Rangarajan Dr.Sagunthala R&amp;D Institute of Science and Technology,Chennai,India
Niu T.,1,Sichuan University,Chengdu,China
Padmapriya V.,1,B.M.S. College of Engineering,Bengaluru,India
Huang C.H.,1,National Taipei University of Technology,Taipei,Taiwan
Wang F.,1,Pinkie Gordon Lane Graduate School and Cyril and Tutta Vetter Alumni,Gordon,United States
Al-Shammary A.A.,1,Higher Institute of Biotechnology of Sfax (ISBS),Sfax,Tunisia
Labetski A.,1,Delft University of Technology,Delft,Netherlands
Sanchez T.W.,1,Virginia Polytechnic Institute and State University,Blacksburg,United States
Magoutas A.,1,National and Kapodistrian University of Athens,Athens,Greece
Xiong M.,1,"Institute of Geographic Sciences and Natural Resources Research, Chinese Academy of Sciences",Beijing,China
Yu Y.,1,Wuhan University of Technology,Wuhan,China
Lee S.h.,1,Korea Maritime Institute,Busan,South Korea
Xuan W.,1,Hefei University of Technology,Hefei,China
Alam T.,1,Islamic University of Madinah,Medina,Saudi Arabia
Cao Z.,1,Southern Marine Science and Engineering Guangdong Laboratory,Guangzhou,China
Yi B.,1,Beijing Key Laboratory of Spatial Information Integration and 3S Engineering Application,Beijing,China
Kim J.,1,Chung-Ang University,Seoul,South Korea
Chen S.,1,University of Electronic Science and Technology of China,Chengdu,China
Xu D.,1,Beijing Jiaotong University,Beijing,China
Arribas-Bel D.,1,The Alan Turing Institute,London,United Kingdom
Wagner F.,1,Mercator Research Institute on Global Commons and Climate Change,Berlin,Germany
HE Z.,1,Wuchang University of Technology,Wuhan,China
Casali Y.,1,"Faculteit Techniek, Bestuur en Management, TU Delft",Delft,Netherlands
Javed A.R.,1,Air University Islamabad,Islamabad,Pakistan
Kon F.,1,Massachusetts Institute of Technology,Cambridge,United States
Leite C.C.,1,Universidade de São Paulo,Sao Paulo,Brazil
Yoon Y.,1,Hanyang University,Seoul,South Korea
LU Y.,1,"College of Computer Science and Technology, Zhejiang University",Hangzhou,China
Wang X.,1,Renmin University of China,Beijing,China
Alswedani S.,1,King Abdulaziz University,Jeddah,Saudi Arabia
García A.V.,1,Universidade de Vigo,Vigo,Spain
Xia J.,1,College of Civil Engineering and Architecture Zhejiang University,Hangzhou,China
Lai G.,1,Guangzhou University,Guangzhou,China
Chen L.,1,City University of Hong Kong,Hong Kong,Hong Kong
Zheng Z.,1,Henan University,Kaifeng,China
Biljecki F.,1,National University of Singapore,Singapore City,Singapore
Madsen A.K.,1,Aalborg University,Aalborg,Denmark
Lou X.,1,Southeast University,Nanjing,China
Zheng M.,1,Renmin University of China,Beijing,China
Sagi A.,1,Technion - Israel Institute of Technology,Haifa,Israel
Chien H.,1,"United Nations University, Japan",Tokyo,Japan
Kuang W.,1,"Institute of Geographic Sciences and Natural Resources Research, Chinese Academy of Sciences",Beijing,China
Jiang X.,1,Aerospace Information Research Institute,Beijing,China
Wang M.,1,"Key Laboratory of Geographic Information Science, Ministry of Education",Shanghai,China
Duan Q.,1,Panyu Polytechnic,Guangzhou,China
Zhu P.,1,Hunan Key Laboratory of Land Resources Evaluation and Utilization,Changsha,China
Jin Y.,1,The University of Tokyo,Tokyo,Japan
Heinrich A.J.,1,Technische Universität Berlin,Berlin,Germany
Meng X.,1,Tsinghua University,Beijing,China
Wu T.,1,Jiangxi University of Finance and Economics,Nanchang,China
da Silva L.P.,1,Pontifícia Universidade Católica do Paraná,Curitiba,Brazil
Wang Z.H.,1,Ira A. Fulton Schools of Engineering,Tempe,United States
Cappa F.,1,LUISS University,Rome,Italy
Bannan T.J.,1,The University of Manchester,Manchester,United Kingdom
Shaharuddin S.,1,Universiti Kebangsaan Malaysia,Bangi,Malaysia
Greera C.,1,Arizona State University,Tempe,United States
Zhang K.,1,Universal Village Society,Cambridge,United States
Gorgan D.,1,Universitatea Tehnica din Cluj-Napoca,Cluj Napoca,Romania
Avril E.,1,Université de la Sorbonne Nouvelle Paris III,Paris,France
Madyatmadja E.D.,1,Bina Nusantara University,Jakarta,Indonesia
Sun R.Y.,1,Northwest A&amp;F University,Yangling,China
Xu M.,1,Beijing Jiaotong University,Beijing,China
Chokhachian A.,1,Technische Universität München,Munich,Germany
Dawodu A.,1,University of Nottingham Ningbo China,Ningbo,China
Luo Q.,1,Wuhan University,Wuhan,China
Tironi M.,1,Pontificia Universidad Católica de Chile,Santiago,Chile
Rittenbruch M.,1,Queensland University of Technology,Brisbane,Australia
Zhang D.,1,Nankai University Business School,Tianjin,China
Yoffe H.,1,Technion - Israel Institute of Technology,Haifa,Israel
Lee M.,1,Ewha Womans University,Seoul,South Korea
Bovkir R.,1,Gebze Teknik Üniversitesi,Gebze,Turkey
Luo Y.,1,School of Management and Economics of UESTC,Chengdu,China
Lu D.,1,Zhejiang University,Hangzhou,China
Sun L.,1,Beijing Forestry University,Beijing,China
Magyari-Sáska Z.,1,Universitatea Babeș-Bolyai,Cluj Napoca,Romania
Wu R.,1,Guangdong University of Technology,Guangzhou,China
Jun Z.,1,Yunnan University,Kunming,China
Lieske S.N.,1,The University of Queensland,Brisbane,Australia
Seve B.,1,ETSAB-UPC,Mallorca,Spain
Sun J.,1,Nanjing University,Nanjing,China
Rolwes A.,1,Fachhochschule Mainz - University of Applied Sciences,Mainz,Germany
Milusheva S.,1,"The World Bank, USA","Washington, D.C.",United States
Cornacchia G.,1,Università di Pisa,Pisa,Italy
McKenzie G.,1,Université McGill,Montreal,Canada
Huang C.,1,Northwest Institute of Eco-Environment and Resources,Lanzhou,China
Xue F.,1,The University of Hong Kong,Hong Kong,Hong Kong
Iijima K.,1,The University of Tokyo,Tokyo,Japan
Tian Y.,1,Beijing Normal University,Beijing,China
Lyu J.,1,Ltd.,Guangzhou,China
Fekih M.,1,Orange Labs,Issy-les-Moulineaux,France
Fu C.,1,Nanchang University,Nanchang,China
Zacharias J.,1,Peking University,Beijing,China
Turkina E.,1,HEC Montréal,Montreal,Canada
Chun S.A.,1,The City University of New York,New York,United States
Ji H.,1,Sichuan University,Chengdu,China
Yan L.,1,Singapore-MIT Alliance for Research and Technology,Singapore City,Singapore
Ren J.,1,Shanghai Jiao Tong University,Shanghai,China
Jana A.,1,Indian Institute of Technology Bombay,Mumbai,India
Jensen P.,1,École Normale Supérieure de Lyon,Lyon,France
Lyashchenko A.,1,Kyiv National University of Construction and Architecture,Kyiv,Ukraine
Senousi A.M.,1,The Hong Kong Polytechnic University,Hong Kong,Hong Kong
Koc M.,1,TOBB University of Economics and Technology,Ankara,Turkey
Jin M.,1,Harbin Institute of Technology,Harbin,China
Amaduzzi S.,1,Università degli Studi di Udine,Udine,Italy
Xu H.,1,China University of Geosciences,Wuhan,China
Chen J.,1,Xi'an University of Architecture and Technology,Xi'an,China
Wu W.N.,1,National Sun Yat-Sen University,Kaohsiung,Taiwan
Gil E.,1,SNU College of Engineering,Seoul,South Korea
Zhou T.,1,Southwest Jiaotong University,Chengdu,China
Sottini V.A.,1,Università degli Studi di Firenze,Florence,Italy
Shan J.,1,Wuhan University,Wuhan,China
Huiying L.,1,Changchun University of Technology,Changchun,China
Ma Y.,1,Wuhan University,Wuhan,China
Birkin M.,1,University of Leeds,Leeds,United Kingdom
Truffello R.,1,Centro de Desarrollo Urbano Sustentable,Santiago,Chile
Yu X.,1,Sun Yat-Sen University,Guangzhou,China
Montalvo-Martel M.,1,"Consejo Nacional de Humanidades, Ciencias y Tecnologías",Mexico,Mexico
Boeing G.,1,University of Southern California,Los Angeles,United States
Abdul-Rahman M.,1,The Hong Kong Polytechnic University,Hong Kong,Hong Kong
Jiang H.,1,Universiteit Utrecht,Utrecht,Netherlands
Carpio-Pinedo J.,1,Universidad Politécnica de Madrid,Madrid,Spain
Jinyue T.,1,East China Normal University,Shanghai,China
Wei F.,1,Institute of Zoology Chinese Academy of Sciences,Beijing,China
Faroqi H.,1,The University of Queensland,Brisbane,Australia
Listerborn C.,1,Malmö Universitet,Malmo,Sweden
Meng H.,1,China Academy of Transportation Sciences,Beijing,China
Lin Y.,1,Kanazawa University,Kanazawa,Japan
Chen R.,1,"Key Laboratory of Geographic Information Science, Ministry of Education",Shanghai,China
Zhu X.,1,Beijing Jiaotong University,Beijing,China
Goodspeed R.,1,"University of Michigan, Ann Arbor",Ann Arbor,United States
Adams D.,1,The Cognitive Labor Institute,New York,United States
Yubero C.,1,Universidad Complutense de Madrid,Madrid,Spain
Grishin V.N.,1,The State University of Management,Moscow,Russian Federation
Wang N.,1,Peking University,Beijing,China
Sim J.,1,Korea Research Institute for Human Settlements,Sejong,South Korea
Jun H.J.,1,Hanyang University,Seoul,South Korea
Lyu K.,1,Shanghai University,Shanghai,China
Tie C.,1,Shijiazhuang Tiedao University,Shijiazhuang,China
Wei R.,1,Yunnan Normal University,Chenggong,China
Niu N.,1,Sun Yat-Sen University,Guangzhou,China
Zhang J.,1,Beijing Tsinghua Tongheng Urban Planning and Design Institute,Beijing,China
Guido G.,1,Università della Calabria,Rende,Italy
Su S.,1,Wuhan University,Wuhan,China
Deal B.,1,University of Illinois Urbana-Champaign,Urbana,United States
French S.P.,1,Georgia Institute of Technology,Atlanta,United States
Tang Z.,1,University of Nebraska–Lincoln,Lincoln,United States
Shreenath V.M.,1,The Royal Institute of Technology (KTH),Stockholm,Sweden
Thakuriah P.,1,University of Glasgow,Glasgow,United Kingdom
Karduni A.,1,The University of North Carolina at Charlotte,Charlotte,United States
Leao S.Z.,1,UNSW Sydney,Sydney,Australia
de Wijs L.,1,Universiteit van Amsterdam,Amsterdam,Netherlands
Langenheim N.,1,Monash University,Melbourne,Australia
Kwon Y.,1,Landscape and Urban Laboratory,"Dongan-gu, Anyang-si",South Korea
Wilmott C.,1,The University of Manchester,Manchester,United Kingdom
Sotomayor-Gómez B.,1,Universidad Austral de Chile,Valdivia,Chile
Othengrafen F.,1,Technische Universität Dortmund,Dortmund,Germany
Shi Z.,1,The Hong Kong Polytechnic University,Hong Kong,Hong Kong
Jia Z.,1,Tsinghua University,Beijing,China
Deebak B.D.,1,Vellore Institute of Technology,Vellore,India
Hui E.C.M.,1,The Hong Kong Polytechnic University,Hong Kong,Hong Kong
Lehavi A.,1,Reichman University,Herzliya,Israel
Pincetl S.,1,"University of California, Los Angeles",Los Angeles,United States
Di Ludovico D.,1,Università degli Studi dell'Aquila,L'Aquila,Italy
Huo F.,1,Global Institute for Water Security,Saskatoon,Canada
Remedio J.A.,1,Universidade Metodista de Piracicaba,Piracicaba,Brazil
Wu Y.C.,1,National Open University,Taipei,Taiwan
Guo X.,1,Shaanxi Normal University,Xi'an,China
Shi P.,1,Wuhan University,Wuhan,China
Mager T.,1,Faculteit Bouwkunde van de TU Delft,Delft,Netherlands
Hodgkins S.,1,CLI,Los Angeles,United States
Zhuravleva N.A.,1,Emperor Alexander I St. Petersburg State Transport University,Saint Petersburg,Russian Federation
Gang L.,1,College of Yiyang Normal,Yiyang,China
Zheng L.,1,South China University of Technology,Guangzhou,China
Sayah Z.,1,Université Kasdi Merbah Ouargla,Ouargla,Algeria
Popescu G.H.,1,Dimitrie Cantemir Christian University,Bucharest,Romania
Nelson A.,1,AAER,Ottawa,Canada
Jonescu E.,1,Curtin University,Perth,Australia
Yurí Hiroki S.M.,1,Pontifícia Universidade Católica de São Paulo,Sao Paulo,Brazil
Ye X.,1,Texas A&amp;M University,College Station,United States
Bhattarai K.,1,"School of Geoscience, Physics and Safety",Warrensburg,United States
Pilgun M.,1,Russian Academy of Sciences,Moscow,Russian Federation
Poplin A.,1,Iowa State University,Ames,United States
Lock O.,1,UNSW Sydney,Sydney,Australia
Miao C.,1,"Institute of Applied Ecology, Chinese Academy of Sciences",Shenyang,China
Engin Z.,1,University College London,London,United Kingdom
Tu W.,1,Shenzhen University,Shenzhen,China
Guan C.H.,1,NYU Shanghai,Shanghai,China
Rungskunroch P.,1,"University of California, Berkeley",Berkeley,United States
Lyu T.,1,Chang'an University,Xi'an,China
Zhu J.,1,Central South University,Changsha,China
Najari A.,1,IAAC,Barcelona,Spain
Jia Y.,1,Wuhan University,Wuhan,China
Luo S.,1,Beijing University of Civil Engineering and Architecture,Beijing,China
Buning R.J.,1,The University of Queensland,Brisbane,Australia
Hristov B.,1,Hochschule für Technik und Wirtschaft Berlin,Berlin,Germany
Sarkar S.,1,The University of Sydney,Sydney,Australia
Hudson L.,1,Urban Technologies at ISBDA,Fresno,United States
Milojevic-Dupont N.,1,Mercator Research Institute on Global Commons and Climate Change,Berlin,Germany
Kim B.,1,Sungkyunkwan University,Seoul,South Korea
Meng S.,1,Peking University,Beijing,China
Janowski A.,1,Uniwersytet Warminsko-Mazurski w Olsztynie,Olsztyn,Poland
Chapman D.,1,Smart City Software Systems Laboratory at AAER,Philadelphia,United States
Kovacs-Györi A.,1,Universität Salzburg,Salzburg,Austria
Jeang B.W.,1,Guangdong University of Science and Technology,Dongguan,China
Deng C.,1,Binghamton University State University of New York,Binghamton,United States
Jiang Z.,1,Tongji University,Shanghai,China
Taecharungroj V.,1,Mahidol University,Nakhon Pathom,Thailand
Kandt J.,1,University College London,London,United Kingdom
Graells-Garrido E.,1,Centro Nacional de Supercomputación,Barcelona,Spain
Lai J.,1,Northwest Normal University China,Lanzhou,China
Kim H.W.,1,Incheon National University,Incheon,South Korea
Feng J.,1,Peking University,Beijing,China
Fischer J.,1,Simon Fraser University,Burnaby,Canada
Ardic S.I.,1,Middle East Technical University (METU),Ankara,Turkey
Rich R.,1,Technion - Israel Institute of Technology,Haifa,Israel
Ferretti S.,1,"European Space Policy Institute, Austria",Vienna,Austria
White G.,1,Trinity College Dublin,Dublin,Ireland
Xu Y.,1,The Hong Kong Polytechnic University,Hong Kong,Hong Kong
Badji S.,1,Monash University,Melbourne,Australia
Chen H.,1,Xinjiang Institute of Ecology and Geography Chinese Academy of Sciences,Urumqi,China
Sève B.,1,Universitat Politècnica de Catalunya,Barcelona,Spain
Knaap E.,1,"University of Maryland, College Park",College Park,United States
Tan J.,1,North China University of Technology,Beijing,China
Dong J.,1,"Institute of Geographic Sciences and Natural Resources Research, Chinese Academy of Sciences",Beijing,China
Joshi A.,1,Survey Department,Kathmandu,Nepal
Peppa M.V.,1,Newcastle University,Newcastle,United Kingdom
Yan J.,1,Singapore-​ETH Centre,Singapore City,Singapore
Molinari M.E.,1,Politecnico di Milano,Milan,Italy
Luo T.,1,Universidad de las Américas Puebla,Cholula,Mexico
Zhai Y.,1,Tongji University,Shanghai,China
Fernández-Ges A.,1,Universidad de Zaragoza,Zaragoza,Spain
Spyratos S.,1,University of Thessaly,Volos,Greece
Lim C.,1,Ulsan National Institute of Science and Technology,Ulsan,South Korea
Xia C.,1,The University of Hong Kong,Hong Kong,Hong Kong
Xia T.,1,The University of Tokyo,Tokyo,Japan
Hu Y.,1,"Institute of Geographic Sciences and Natural Resources Research, Chinese Academy of Sciences",Beijing,China
Komninos N.,1,Aristotle University of Thessaloniki,Thessaloniki,Greece
Xu L.,1,Zhejiang Agricultural and Forestry University,Hangzhou,China
Ouyang Z.,1,Michigan State University,East Lansing,United States
Shibasaki M.,1,The University of Tokyo,Tokyo,Japan
Zhao L.,1,Chengdu University of Technology,Chengdu,China
Yu B.,1,Lanzhou Jiaotong University,Lanzhou,China
Guo H.,1,University of Chinese Academy of Sciences,Beijing,China
Kang W.,1,"University of California, Riverside",Riverside,United States
Yue W.,1,Zhejiang University,Hangzhou,China
Lai Y.,1,NYU Tandon School of Engineering,New York,United States
Yazidi Alaoui O.,1,Faculté des Sciences et Techniques de Tanger,Tangier,Morocco
Shelton T.,1,Mississippi State University,Mississippi State,United States
Tierney T.F.,1,University of Illinois Urbana-Champaign,Urbana,United States
Vaishnav S.A.,1,Pimpri Chinchwad College of Engineering,Pune,India
Dogaru V.,1,Universitatea de Vest din Timișoara,Timisoara,Romania
Kamrowska-Zaluska D.,1,Gdańsk University of Technology,Gdansk,Poland
Pettit C.,1,UNSW Sydney,Sydney,Australia
Hamstead Z.A.,1,"University at Buffalo, The State University of New York",Buffalo,United States
Ferreri M.,1,Universitat Autònoma de Barcelona,Cerdanyola del Valles,Spain
Bin Asad K.M.,1,Texas State University,San Marcos,United States
Wang Z.J.,1,Beijing Jiaotong University,Beijing,China
Shi M.J.,1,"Institute of Geographic Sciences and Natural Resources Research, Chinese Academy of Sciences",Beijing,China
Qiao S.,1,The University of Hong Kong,Hong Kong,Hong Kong
Medina A.,1,Universidad de las Americas - Ecuador,Quito,Ecuador
Valls F.,1,Universitat Politècnica de Catalunya,Barcelona,Spain
Peng Z.,1,Wuhan University,Wuhan,China
Qu B.,1,Xi'an Academy of Fine Arts,Xi'an,China
Ge P.,1,Nanjing University,Nanjing,China
He J.,1,"China University of Mining &amp; Technology, Beijing",Beijing,China
Runaghan P.,1,CallisonRTKL,London,United Kingdom
Dubman R.,1,The Social Analytics Laboratory at AAER,Amsterdam,Netherlands
Ersoy A.,1,Delft University of Technology,Delft,Netherlands
Raetzsch C.,1,Freie Universität Berlin,Berlin,Germany
Long F.J.,1,Tsinghua University,Beijing,China
Hecht B.,1,AAER,Bonn,Germany
Soltani A.,1,University of South Australia,Adelaide,Australia
Park J.,1,Ulsan National Institute of Science and Technology,Ulsan,South Korea
Xie J.,1,Shenzhen Institute of Advanced Technology,Shenzhen,China
Tang L.,1,Ministry of Natural Resources of the People's Republic of China,Beijing,China
Goličnik Marušić B.,1,Urban Planning Institute of the Republic of Slovenia,Ljubljana,Slovenia
Zhai W.,1,University of Florida,Gainesville,United States
Clarke M.,1,University of Leeds,Leeds,United Kingdom
Lwin K.K.,1,Institute of Industrial Science,Tokyo,Japan
Traunmueller M.W.,1,New York University,New York,United States
Ma C.,1,Wuhan University,Wuhan,China
Zhao Y.,1,Tsinghua University,Beijing,China
Ma R.,1,The Hong Kong Polytechnic University,Hong Kong,Hong Kong
Zachariadis V.,1,University College London,London,United Kingdom
Zhao J.,1,Beihang University,Beijing,China
De Oliveira T.H.M.,1,"NOVA Information Management School, Universidade Nova de Lisboa",Lisbon,Portugal
Qian X.,1,Lyles School of Civil Engineering,West Lafayette,United States
Jiang B.,1,Hogskolan i Gavle,Gavle,Sweden
Norman M.,1,Syracuse University,Syracuse,United States
Di Bella A.,1,Università degli Studi di Catania,Catania,Italy
Kumar T.M.V.,1,New Delhi (SPA-D),Kozhikode,India
Akiyama Y.,1,The University of Tokyo,Tokyo,Japan
Murcio R.,1,University College London,London,United Kingdom
Bouteiller C.,1,Laboratory of Transport Economics (LET),Lyon,France
Stewart C.,1,Université McGill,Montreal,Canada
French S.,1,Georgia Institute of Technology,Atlanta,United States
Santamaria-Varas M.,1,Universitat Politècnica de Catalunya,Barcelona,Spain
Salici A.,1,Mustafa Kemal Üniversitesi,Antakya,Turkey
Duan Y.,1,China Agricultural University,Beijing,China
Devin F.,1,CY Cergy Paris Université,Cergy-Pontoise,France
Lu S.,1,Wuhan University,Wuhan,China
Peng H.,1,Beijing Jiaotong University,Beijing,China
Gurney R.H.,1,Kuwait University,Kuwait City,Kuwait
Krivý M.,1,Estonian Academy of Arts,Tallinn,Estonia
Li R.Y.M.,1,Hong Kong Shue Yan University,Hong Kong,China
Śleszyński P.,1,Stanisław Leszczycki Institute of Geography and Spatial Organization of the Polish Academy of Sciences,Warsaw,Poland
Morozov A.N.,1,Lomonosov Moscow State University,Moscow,Russian Federation
Paganin G.,1,Politecnico di Milano,Milan,Italy
Florescu T.,1,Ion Mincu University of Architecture and Urbanism,Bucharest,Romania
Baji P.,1,Magyar Tudomanyos Akademia,Budapest,Hungary
Pfeffer K.,1,Universiteit van Amsterdam,Amsterdam,Netherlands
Oksanen J.,1,Maanmittauslaitos,Helsinki,Finland
Sainio J.,1,Åbo Akademi University,Turku,Finland
Moore K.R.,1,Texas Tech University,Lubbock,United States
Chen G.,1,Sichuan Vocational and Technical College,Suining,China
Kong X.,1,Dalian University of Technology,Dalian,China
Fan J.,1,"University of Maryland, College Park",College Park,United States
Aqib M.,1,King Abdulaziz University,Jeddah,Saudi Arabia
Huang J.Y.,1,National Taipei University,Taipei,Taiwan
Muthoni F.,1,International Institute of Tropical Agriculture (IITA),Hyderabad,Tanzania
Niu L.,1,Yunnan Normal University,Chenggong,China
Caird S.P.,1,The Open University,Milton Keynes,United Kingdom
Shirowzhan S.,1,UNSW Sydney,Sydney,Australia
Yan C.,1,Tsinghua University,Beijing,China
Kothencz G.,1,Universität Salzburg,Salzburg,Austria
Osaba E.,1,TECNALIA,Donostia-San Sebastian,Spain
Biloria N.,1,University of Technology Sydney,Sydney,Australia
Shin D.,1,ETH Zürich,Zurich,Switzerland
Diao M.,1,National University of Singapore,Singapore City,Singapore
Bulkeley H.,1,Durham University,Durham,United Kingdom
Ellen I.G.,1,Robert F. Wagner Graduate School of Public Service,New York,United States
Dakssa L.,1,Middle East College,Rusayl,Oman
Ye F.,1,Mianyang Normal University,Mianyang,China
Shu X.,1,Hunan City University,Yiyang,China
Angelakis V.,1,Linköpings Universitet,Linkoping,Sweden
Kato T.,1,Nagoya University,Nagoya,Japan
Tenney M.,1,Université McGill,Montreal,Canada
Sun Y.X.,1,Yancheng Teachers University,Yancheng,China
Huang W.,1,Toronto Metropolitan University,Toronto,Canada
Moeckel R.,1,"University of Maryland, College Park",College Park,United States
